{
  "train": {
    "rmse": 3.717401558052564,
    "mae": 1.2424719376415994,
    "mape": 1.238347773081602,
    "r2": 0.9998857526243087
  },
  "test": {
    "rmse": 14.018736294631653,
    "mae": 4.496571305539391,
    "mape": 3.2731579996787827,
    "r2": 0.9984618529306653
  },
  "cross_validation": {
    "rmse_mean": 15.39556918977124,
    "rmse_std": 6.1932808177143475,
    "mae_mean": 4.914547032381341,
    "mae_std": 0.36141085126453304,
    "r2_mean": 0.9978330146310628,
    "r2_std": 0.0016924710838117259
  }
}